<?xml version="1.0"?>
<pagescount>
	<html_total>260</html_total>
	<html_done>260</html_done>
	<images>167</images>
	<script>5</script>
	<css>3</css>
	<pdf>1</pdf>
	<documents/>
	<excel/>
	<powerpoint/>
	<flash/>
	<audios/>
	<videos/>
	<xml/>
	<json/>
	<txt/>
	<autocad/>
	<fonts>14</fonts>
	<scraping_reload>1</scraping_reload>
	<is_pretty_url>true</is_pretty_url>
	<is_ebn>false</is_ebn>
	<email>lexisux3033@gmail.com</email>
	<theme_name>WmdTheme188431</theme_name>
	<server_url_front_page>https://www.waybackmachinedownloader.com/scraping/files/demo/fgirl.ch_lexisux3033_gmail.com_eawp4sd5uf/</server_url_front_page>
	<no_www_url>fgirl.ch</no_www_url>
	<hosted_domain/>
	<original_archive_url>https://web.archive.org/web/20220206210054/https://www.fgirl.ch/</original_archive_url>
	<final_archive_url>https://web.archive.org/web/20220206210054/https://www.fgirl.ch/</final_archive_url>
	<front_page_code_date>20220206210054</front_page_code_date>
	<total_urls_from_api/>
	<max_reached_live>false</max_reached_live>
	<scrape_other_captures>false</scrape_other_captures>
	<total_size>12088</total_size>
</pagescount>
